<?xml version="1.0" encoding="UTF-8"?><?xml-stylesheet type='text/xsl' href='_UpgradeReport_Files/UpgradeReport.xslt'?><UpgradeLog>
<Properties><Property Name="Solution" Value="HelloClient">
</Property><Property Name="솔루션 파일" Value="C:\Users\Administrator\Desktop\ee\HelloClient\HelloClient.sln">
</Property><Property Name="Date" Value="2013년 5월 2일 목요일">
</Property><Property Name="Time" Value="오후 19:12">
</Property></Properties><Event ErrorLevel="0" Project="HelloClient" Source="HelloClient.vcproj" Description="Converting project file 'C:\Users\Administrator\Desktop\ee\HelloClient\HelloClient.vcproj'.">
</Event><Event ErrorLevel="1" Project="HelloClient" Source="HelloClient.vcproj" Description="VCWebServiceProxyGeneratorTool is no longer supported. The tool has been removed from your project settings.">
</Event><Event ErrorLevel="1" Project="HelloClient" Source="HelloClient.vcproj" Description="MSB8012: $(TargetPath) ('C:\Users\Administrator\Desktop\ee\HelloClient\.\Debug\HelloClient.exe') does not match the Linker's OutputFile property value '.\Debug/HelloClient.exe' ('C:\Users\Administrator\Desktop\ee\HelloClient\Debug/HelloClient.exe') in project configuration 'Debug|Win32'. This may cause your project to build incorrectly. To correct this, please make sure that $(TargetPath) property value matches the value specified in %(Link.OutputFile).">
</Event><Event ErrorLevel="1" Project="HelloClient" Source="HelloClient.vcproj" Description="MSB8012: $(TargetPath) ('C:\Users\Administrator\Desktop\ee\HelloClient\.\Release\HelloClient.exe') does not match the Linker's OutputFile property value '.\Release/HelloClient.exe' ('C:\Users\Administrator\Desktop\ee\HelloClient\Release/HelloClient.exe') in project configuration 'Release|Win32'. This may cause your project to build incorrectly. To correct this, please make sure that $(TargetPath) property value matches the value specified in %(Link.OutputFile).">
</Event><Event ErrorLevel="0" Project="HelloClient" Source="HelloClient.vcproj" Description="Done converting to new project file 'C:\Users\Administrator\Desktop\ee\HelloClient\HelloClient.vcxproj'.">
</Event><Event ErrorLevel="3" Project="HelloClient" Source="HelloClient.vcproj" Description="Converted">
</Event><Event ErrorLevel="0" Project="" Source="HelloClient.sln" Description="솔루션을 변환했습니다.">
</Event><Event ErrorLevel="3" Project="" Source="HelloClient.sln" Description="Converted">
</Event></UpgradeLog>