<?xml version="1.0" encoding="UTF-8"?><?xml-stylesheet type='text/xsl' href='_UpgradeReport_Files/UpgradeReport.xslt'?><UpgradeLog>
<Properties><Property Name="Solution" Value="GetSystem">
</Property><Property Name="솔루션 파일" Value="C:\Users\Administrator\Desktop\ttee\GetSystem\GetSystem.sln">
</Property><Property Name="Date" Value="2013년 5월 23일 목요일">
</Property><Property Name="Time" Value="오전 9:41">
</Property></Properties><Event ErrorLevel="0" Project="GetSystem" Source="GetSystem\GetSystem.vcproj" Description="Converting project file 'C:\Users\Administrator\Desktop\ttee\GetSystem\GetSystem\GetSystem.vcproj'.">
</Event><Event ErrorLevel="1" Project="GetSystem" Source="GetSystem\GetSystem.vcproj" Description="VCWebServiceProxyGeneratorTool is no longer supported. The tool has been removed from your project settings.">
</Event><Event ErrorLevel="1" Project="GetSystem" Source="GetSystem\GetSystem.vcproj" Description="MSB8012: $(TargetPath) ('C:\Users\Administrator\Desktop\ttee\GetSystem\GetSystem\Debug\GetSystem.dll') does not match the Linker's OutputFile property value 'Debug\GetSystem.dll' ('C:\Users\Administrator\Desktop\ttee\GetSystem\Debug\GetSystem.dll') in project configuration 'Debug|Win32'. This may cause your project to build incorrectly. To correct this, please make sure that $(TargetPath) property value matches the value specified in %(Link.OutputFile).">
</Event><Event ErrorLevel="1" Project="GetSystem" Source="GetSystem\GetSystem.vcproj" Description="MSB8012: $(TargetPath) ('C:\Users\Administrator\Desktop\ttee\GetSystem\GetSystem\Release\GetSystem.dll') does not match the Linker's OutputFile property value 'Release\GetSystem.dll' ('C:\Users\Administrator\Desktop\ttee\GetSystem\Release\GetSystem.dll') in project configuration 'Release|Win32'. This may cause your project to build incorrectly. To correct this, please make sure that $(TargetPath) property value matches the value specified in %(Link.OutputFile).">
</Event><Event ErrorLevel="0" Project="GetSystem" Source="GetSystem\GetSystem.vcproj" Description="Done converting to new project file 'C:\Users\Administrator\Desktop\ttee\GetSystem\GetSystem\GetSystem.vcxproj'.">
</Event><Event ErrorLevel="3" Project="GetSystem" Source="GetSystem\GetSystem.vcproj" Description="Converted">
</Event><Event ErrorLevel="0" Project="GetSystemPS" Source="GetSystem\GetSystemPS.vcproj" Description="Converting project file 'C:\Users\Administrator\Desktop\ttee\GetSystem\GetSystem\GetSystemPS.vcproj'.">
</Event><Event ErrorLevel="1" Project="GetSystemPS" Source="GetSystem\GetSystemPS.vcproj" Description="VCWebServiceProxyGeneratorTool is no longer supported. The tool has been removed from your project settings.">
</Event><Event ErrorLevel="1" Project="GetSystemPS" Source="GetSystem\GetSystemPS.vcproj" Description="MSB8012: $(TargetPath) ('C:\Users\Administrator\Desktop\ttee\GetSystem\GetSystem\DebugPS\GetSystemPS.dll') does not match the Linker's OutputFile property value 'DebugPS\GetSystemPS.dll' ('C:\Users\Administrator\Desktop\ttee\GetSystem\DebugPS\GetSystemPS.dll') in project configuration 'Debug|Win32'. This may cause your project to build incorrectly. To correct this, please make sure that $(TargetPath) property value matches the value specified in %(Link.OutputFile).">
</Event><Event ErrorLevel="1" Project="GetSystemPS" Source="GetSystem\GetSystemPS.vcproj" Description="MSB8012: $(TargetPath) ('C:\Users\Administrator\Desktop\ttee\GetSystem\GetSystem\ReleasePS\GetSystemPS.dll') does not match the Linker's OutputFile property value 'ReleasePS\GetSystemPS.dll' ('C:\Users\Administrator\Desktop\ttee\GetSystem\ReleasePS\GetSystemPS.dll') in project configuration 'Release|Win32'. This may cause your project to build incorrectly. To correct this, please make sure that $(TargetPath) property value matches the value specified in %(Link.OutputFile).">
</Event><Event ErrorLevel="0" Project="GetSystemPS" Source="GetSystem\GetSystemPS.vcproj" Description="Done converting to new project file 'C:\Users\Administrator\Desktop\ttee\GetSystem\GetSystem\GetSystemPS.vcxproj'.">
</Event><Event ErrorLevel="3" Project="GetSystemPS" Source="GetSystem\GetSystemPS.vcproj" Description="Converted">
</Event><Event ErrorLevel="0" Project="" Source="GetSystem.sln" Description="솔루션을 변환했습니다.">
</Event><Event ErrorLevel="3" Project="" Source="GetSystem.sln" Description="Converted">
</Event></UpgradeLog>